Time Stamp, Oakland
Mon Jan 14 17:24:40 2013,        -10
Mon Jan 14 18:24:40 2013,        -10
Mon Jan 14 19:24:41 2013,        -10
Mon Jan 14 20:24:41 2013,        -10
Mon Jan 14 21:24:41 2013,        -10
Mon Jan 14 22:24:41 2013,        -10
Mon Jan 14 23:24:41 2013,        -10
Tue Jan 15 00:24:42 2013,        -10
Tue Jan 15 01:24:42 2013,        -10
Tue Jan 15 02:24:42 2013,        -10
Tue Jan 15 03:24:42 2013,        -10
Tue Jan 15 04:24:42 2013,        -10
Tue Jan 15 05:24:43 2013,        -10
Tue Jan 15 06:24:43 2013,        -10
Tue Jan 15 07:24:43 2013,        -10
Tue Jan 15 07:24:54 2013,        -10
Tue Jan 15 07:25:04 2013,        -10
Tue Jan 15 07:25:15 2013,        -10
Tue Jan 15 07:25:25 2013,        -10
Tue Jan 15 07:25:36 2013,        -10
Tue Jan 15 07:25:46 2013,        -10
Tue Jan 15 07:25:57 2013,        -10
Tue Jan 15 07:26:07 2013,        -10
Tue Jan 15 07:26:18 2013,        -10
Tue Jan 15 07:26:28 2013,        -10
Tue Jan 15 07:26:39 2013,        -10
Tue Jan 15 07:26:49 2013,        -10
Tue Jan 15 07:27:00 2013,        -10
Tue Jan 15 07:27:11 2013,        -10
Tue Jan 15 07:27:21 2013,        -10
Tue Jan 15 07:27:32 2013,        -10
Tue Jan 15 07:27:42 2013,        -10
Tue Jan 15 07:27:53 2013,        -10
Tue Jan 15 07:28:03 2013,        -10
Tue Jan 15 07:28:13 2013,        -10
Tue Jan 15 07:28:24 2013,        -10
Tue Jan 15 07:28:34 2013,        -10
Tue Jan 15 07:28:45 2013,        -10
Tue Jan 15 07:28:55 2013,        -10
Tue Jan 15 07:29:06 2013,        -10
Tue Jan 15 07:29:16 2013,        -10
Tue Jan 15 07:29:27 2013,        -10
Tue Jan 15 07:29:37 2013,        -10
Tue Jan 15 07:29:48 2013,        -10
Tue Jan 15 07:29:58 2013,        -10
Tue Jan 15 07:30:09 2013,        -10
Tue Jan 15 07:30:19 2013,        -10
Tue Jan 15 07:30:30 2013,        -10
Tue Jan 15 07:30:40 2013,        -10
Tue Jan 15 07:30:51 2013,        -10
Tue Jan 15 07:31:01 2013,        -10
Tue Jan 15 07:31:12 2013,        -10
Tue Jan 15 07:31:22 2013,        -10
Tue Jan 15 07:31:33 2013,        -10
Tue Jan 15 07:31:44 2013,        -10
Tue Jan 15 07:31:54 2013,        -10
Tue Jan 15 07:32:05 2013,        -10
Tue Jan 15 07:32:15 2013,        -10
Tue Jan 15 07:32:26 2013,        -10
Tue Jan 15 07:32:37 2013,        -10
Tue Jan 15 07:32:47 2013,        -10
Tue Jan 15 07:32:58 2013,        -10
Tue Jan 15 07:33:08 2013,        -10
Tue Jan 15 07:33:19 2013,        -10
Tue Jan 15 07:33:30 2013,        -10
Tue Jan 15 07:33:40 2013,        -10
Tue Jan 15 07:33:51 2013,        -10
Tue Jan 15 07:34:01 2013,        -10
Tue Jan 15 07:34:12 2013,        -10
Tue Jan 15 07:34:23 2013,        -10
Tue Jan 15 07:34:33 2013,        -10
Tue Jan 15 07:34:44 2013,        -10
Tue Jan 15 07:34:54 2013,        -10
Tue Jan 15 07:35:05 2013,        -10
Tue Jan 15 07:35:15 2013,        -10
Tue Jan 15 07:35:26 2013,        -10
Tue Jan 15 07:35:37 2013,        -10
Tue Jan 15 07:35:47 2013,        -10
Tue Jan 15 07:35:58 2013,        -10
Tue Jan 15 07:36:08 2013,        -10
Tue Jan 15 07:36:19 2013,        -10
Tue Jan 15 07:36:29 2013,        -10
Tue Jan 15 07:36:40 2013,        -10
Tue Jan 15 07:36:51 2013,        -10
Tue Jan 15 07:37:01 2013,        -10
Tue Jan 15 07:37:12 2013,        -10
Tue Jan 15 07:37:22 2013,        -10
Tue Jan 15 07:37:33 2013,        -10
Tue Jan 15 07:37:44 2013,        -10
Tue Jan 15 07:37:54 2013,        -10
Tue Jan 15 07:38:05 2013,        -10
Tue Jan 15 07:38:15 2013,        -10
Tue Jan 15 07:38:26 2013,        -10
Tue Jan 15 07:38:37 2013,        -10
Tue Jan 15 07:38:47 2013,        -10
Tue Jan 15 07:38:58 2013,        -10
Tue Jan 15 07:39:08 2013,        -10
Tue Jan 15 07:39:19 2013,        -10
Tue Jan 15 07:39:30 2013,        -10
Tue Jan 15 07:39:40 2013,        -10
Tue Jan 15 07:39:51 2013,        -10
Tue Jan 15 07:40:01 2013,        -10
Tue Jan 15 07:40:12 2013,        -10
Tue Jan 15 07:40:23 2013,        -10
Tue Jan 15 07:40:33 2013,        -10
Tue Jan 15 07:40:44 2013,        -10
Tue Jan 15 07:40:54 2013,        -10
Tue Jan 15 07:41:05 2013,        -10
Tue Jan 15 07:41:16 2013,        -10
Tue Jan 15 07:41:26 2013,        -10
Tue Jan 15 07:41:37 2013,        -10
Tue Jan 15 07:41:48 2013,        -10
Tue Jan 15 07:41:58 2013,        -10
Tue Jan 15 07:42:09 2013,        -10
Tue Jan 15 07:42:19 2013,        -10
Tue Jan 15 07:42:30 2013,        -10
Tue Jan 15 07:42:40 2013,        -10
Tue Jan 15 07:42:51 2013,        -10
Tue Jan 15 07:43:02 2013,        -10
Tue Jan 15 07:43:13 2013,        -10
Tue Jan 15 07:43:23 2013,        -10
Tue Jan 15 07:43:34 2013,        -10
Tue Jan 15 07:43:45 2013,        -10
Tue Jan 15 07:43:56 2013,        -10
Tue Jan 15 07:44:06 2013,        -10
Tue Jan 15 07:44:17 2013,        -10
Tue Jan 15 07:44:27 2013,        -10
Tue Jan 15 07:44:38 2013,        -10
Tue Jan 15 07:44:48 2013,        -10
Tue Jan 15 07:44:59 2013,        -10
Tue Jan 15 07:45:10 2013,        -10
Tue Jan 15 07:45:20 2013,        -10
Tue Jan 15 07:45:31 2013,        -10
Tue Jan 15 07:45:41 2013,        -10
Tue Jan 15 07:45:52 2013,        -10
Tue Jan 15 07:46:03 2013,        -10
Tue Jan 15 07:46:13 2013,        -10
Tue Jan 15 07:46:24 2013,        -10
Tue Jan 15 07:46:34 2013,        -10
Tue Jan 15 07:46:45 2013,        -10
Tue Jan 15 07:46:56 2013,        -10
Tue Jan 15 07:47:06 2013,        -10
Tue Jan 15 07:47:17 2013,        -10
Tue Jan 15 07:47:28 2013,        -10
Tue Jan 15 07:47:38 2013,        -10
Tue Jan 15 07:47:49 2013,        -10
Tue Jan 15 07:47:59 2013,        -10
Tue Jan 15 07:48:10 2013,        -10
Tue Jan 15 07:48:21 2013,        -10
Tue Jan 15 07:48:31 2013,        -10
Tue Jan 15 07:48:42 2013,        -10
Tue Jan 15 07:48:52 2013,        -10
Tue Jan 15 07:49:03 2013,        -10
Tue Jan 15 07:49:14 2013,        -10
Tue Jan 15 07:49:24 2013,        -10
Tue Jan 15 07:49:35 2013,        -10
Tue Jan 15 07:49:46 2013,        -10
Tue Jan 15 07:49:56 2013,        -10
Tue Jan 15 07:50:07 2013,        -10
Tue Jan 15 07:50:17 2013,        -10
Tue Jan 15 07:50:28 2013,        -10
Tue Jan 15 07:50:39 2013,        -10
Tue Jan 15 07:50:49 2013,        -10
Tue Jan 15 07:51:00 2013,        -10
Tue Jan 15 07:51:10 2013,        -10
Tue Jan 15 07:51:21 2013,        -10
Tue Jan 15 07:51:31 2013,        -10
Tue Jan 15 07:51:42 2013,        -10
Tue Jan 15 07:51:53 2013,        -10
Tue Jan 15 07:52:03 2013,        -10
Tue Jan 15 07:52:14 2013,        -10
Tue Jan 15 07:52:24 2013,        -10
Tue Jan 15 07:52:35 2013,        -10
Tue Jan 15 07:52:46 2013,        -10
Tue Jan 15 07:52:56 2013,        -10
Tue Jan 15 07:53:07 2013,        -10
Tue Jan 15 07:53:17 2013,        -10
Tue Jan 15 07:53:28 2013,        -10
Tue Jan 15 07:53:39 2013,        -10
Tue Jan 15 07:53:49 2013,        -10
Tue Jan 15 07:54:00 2013,        -10
Tue Jan 15 07:54:11 2013,        -10
Tue Jan 15 07:54:21 2013,        -10
Tue Jan 15 07:54:32 2013,        -10
Tue Jan 15 07:54:42 2013,        -10
Tue Jan 15 07:54:53 2013,        -10
Tue Jan 15 07:55:04 2013,        -10
Tue Jan 15 07:55:14 2013,        -10
Tue Jan 15 07:55:25 2013,        -10
Tue Jan 15 07:55:36 2013,        -10
Tue Jan 15 07:55:46 2013,        -10
Tue Jan 15 07:55:57 2013,        -10
Tue Jan 15 07:56:07 2013,        -10
Tue Jan 15 07:56:18 2013,        -10
Tue Jan 15 07:56:29 2013,        -10
Tue Jan 15 07:56:39 2013,        -10
Tue Jan 15 07:56:50 2013,        -10
Tue Jan 15 07:57:00 2013,        -10
Tue Jan 15 07:57:11 2013,        -10
Tue Jan 15 07:57:22 2013,        -10
Tue Jan 15 07:57:32 2013,        -10
Tue Jan 15 07:57:43 2013,        -10
Tue Jan 15 07:57:53 2013,        -10
Tue Jan 15 07:58:04 2013,        -10
Tue Jan 15 07:58:15 2013,        -10
Tue Jan 15 07:58:25 2013,        -10
Tue Jan 15 07:58:36 2013,        -10
Tue Jan 15 07:58:46 2013,        -10
Tue Jan 15 07:58:57 2013,        -10
Tue Jan 15 07:59:08 2013,        -10
Tue Jan 15 07:59:18 2013,        -10
Tue Jan 15 07:59:29 2013,        -10
Tue Jan 15 07:59:39 2013,        -10
Tue Jan 15 07:59:50 2013,        -10
Tue Jan 15 08:00:01 2013,        -10
Tue Jan 15 08:00:11 2013,        -10
Tue Jan 15 08:00:22 2013,        -10
Tue Jan 15 08:00:32 2013,        -10
Tue Jan 15 08:00:43 2013,        -10
Tue Jan 15 08:00:54 2013,        -10
Tue Jan 15 08:01:04 2013,          0
Tue Jan 15 08:01:26 2013,          0
Tue Jan 15 08:01:47 2013,          0
Tue Jan 15 08:02:08 2013,          0
Tue Jan 15 08:02:30 2013,          0
Tue Jan 15 08:02:51 2013,          0
Tue Jan 15 08:03:13 2013,          0
Tue Jan 15 08:03:34 2013,          0
Tue Jan 15 08:03:56 2013,          0
Tue Jan 15 08:04:17 2013,          1
Tue Jan 15 08:04:39 2013,          1
Tue Jan 15 08:05:00 2013,          1
Tue Jan 15 08:05:22 2013,          1
Tue Jan 15 08:05:43 2013,          1
Tue Jan 15 08:06:04 2013,          1
Tue Jan 15 08:06:26 2013,          3
Tue Jan 15 08:06:47 2013,          3
Tue Jan 15 08:07:09 2013,          3
Tue Jan 15 08:07:30 2013,          3
Tue Jan 15 08:07:51 2013,          3
Tue Jan 15 08:08:13 2013,          5
Tue Jan 15 08:08:35 2013,          5
Tue Jan 15 08:08:56 2013,          5
Tue Jan 15 08:09:18 2013,          5
Tue Jan 15 08:09:39 2013,          5
Tue Jan 15 08:10:00 2013,          5
Tue Jan 15 08:10:22 2013,          7
Tue Jan 15 08:10:44 2013,          7
Tue Jan 15 08:11:05 2013,          7
Tue Jan 15 08:11:26 2013,          7
Tue Jan 15 08:11:48 2013,          7
Tue Jan 15 08:12:09 2013,          7
Tue Jan 15 08:12:31 2013,          9
Tue Jan 15 08:12:52 2013,          9
Tue Jan 15 08:13:13 2013,          9
Tue Jan 15 08:13:35 2013,          9
Tue Jan 15 08:13:56 2013,          9
Tue Jan 15 08:14:18 2013,         10
Tue Jan 15 08:14:39 2013,         10
Tue Jan 15 08:15:01 2013,         10
Tue Jan 15 08:15:22 2013,         10
Tue Jan 15 08:15:44 2013,         10
Tue Jan 15 08:16:06 2013,         10
Tue Jan 15 08:16:27 2013,         11
Tue Jan 15 08:16:49 2013,         11
Tue Jan 15 08:17:10 2013,         11
Tue Jan 15 08:17:32 2013,         11
Tue Jan 15 08:17:53 2013,         11
Tue Jan 15 08:18:15 2013,         13
Tue Jan 15 08:18:37 2013,         13
Tue Jan 15 08:18:58 2013,         13
Tue Jan 15 08:19:20 2013,         13
Tue Jan 15 08:19:41 2013,         13
Tue Jan 15 08:20:03 2013,         13
Tue Jan 15 08:20:24 2013,         14
Tue Jan 15 08:20:46 2013,         14
Tue Jan 15 08:21:08 2013,         14
Tue Jan 15 08:21:30 2013,         14
Tue Jan 15 08:21:51 2013,         14
Tue Jan 15 08:22:13 2013,         16
Tue Jan 15 08:22:35 2013,         16
Tue Jan 15 08:22:56 2013,         16
Tue Jan 15 08:23:18 2013,         16
Tue Jan 15 08:23:39 2013,         16
Tue Jan 15 08:24:01 2013,         16
Tue Jan 15 08:24:22 2013,         15
Tue Jan 15 08:24:44 2013,         15
Tue Jan 15 08:25:05 2013,         15
Tue Jan 15 08:25:27 2013,         15
Tue Jan 15 08:25:48 2013,         15
Tue Jan 15 08:26:10 2013,         15
Tue Jan 15 08:26:32 2013,         17
Tue Jan 15 08:26:53 2013,         17
Tue Jan 15 08:27:14 2013,         17
Tue Jan 15 08:27:36 2013,         17
Tue Jan 15 08:27:58 2013,         17
Tue Jan 15 08:28:20 2013,          5
Tue Jan 15 08:28:42 2013,          5
Tue Jan 15 08:29:03 2013,          5
Tue Jan 15 08:29:25 2013,          5
Tue Jan 15 08:29:46 2013,          5
Tue Jan 15 08:30:08 2013,          5
Tue Jan 15 08:30:29 2013,          4
Tue Jan 15 08:30:51 2013,          4
Tue Jan 15 08:31:12 2013,          4
Tue Jan 15 08:31:34 2013,          4
Tue Jan 15 08:31:55 2013,          4
Tue Jan 15 08:32:17 2013,          6
Tue Jan 15 08:32:38 2013,          6
Tue Jan 15 08:33:00 2013,          6
Tue Jan 15 08:33:21 2013,          6
Tue Jan 15 08:33:43 2013,          6
Tue Jan 15 08:34:05 2013,          6
Tue Jan 15 08:34:26 2013,          3
Tue Jan 15 08:34:48 2013,          3
Tue Jan 15 08:35:09 2013,          3
Tue Jan 15 08:35:31 2013,          3
Tue Jan 15 08:35:52 2013,          3
Tue Jan 15 08:36:14 2013,          5
Tue Jan 15 08:36:36 2013,          5
Tue Jan 15 08:36:58 2013,          5
Tue Jan 15 08:37:19 2013,          5
Tue Jan 15 08:37:41 2013,          5
Tue Jan 15 08:38:02 2013,          5
Tue Jan 15 08:38:24 2013,          7
Tue Jan 15 08:38:46 2013,          7
Tue Jan 15 08:39:07 2013,          7
Tue Jan 15 08:39:28 2013,          7
Tue Jan 15 08:39:50 2013,          7
Tue Jan 15 08:40:11 2013,          7
Tue Jan 15 08:40:33 2013,          3
Tue Jan 15 08:40:55 2013,          3
Tue Jan 15 08:41:17 2013,          3
Tue Jan 15 08:41:38 2013,          3
Tue Jan 15 08:42:00 2013,          3
Tue Jan 15 08:42:22 2013,          5
Tue Jan 15 08:42:44 2013,          5
Tue Jan 15 08:43:05 2013,          5
Tue Jan 15 08:43:26 2013,          5
Tue Jan 15 08:43:48 2013,          5
Tue Jan 15 08:44:09 2013,          5
Tue Jan 15 08:44:31 2013,          7
Tue Jan 15 08:44:52 2013,          7
Tue Jan 15 08:45:14 2013,          7
Tue Jan 15 08:45:35 2013,         20
Tue Jan 15 08:45:57 2013,          7
Tue Jan 15 08:46:18 2013,          9
Tue Jan 15 08:46:40 2013,          9
Tue Jan 15 08:47:02 2013,          9
Tue Jan 15 08:47:23 2013,          9
Tue Jan 15 08:47:45 2013,          9
Tue Jan 15 08:48:07 2013,          9
Tue Jan 15 08:48:29 2013,         11
Tue Jan 15 08:48:50 2013,         11
Tue Jan 15 08:49:12 2013,         11
Tue Jan 15 08:49:33 2013,         11
Tue Jan 15 08:49:55 2013,         11
Tue Jan 15 08:50:17 2013,         11
Tue Jan 15 08:50:38 2013,         11
Tue Jan 15 08:51:00 2013,         11
Tue Jan 15 08:51:21 2013,         11
Tue Jan 15 08:51:43 2013,         11
Tue Jan 15 08:52:04 2013,         11
Tue Jan 15 08:52:26 2013,         11
Tue Jan 15 08:52:47 2013,         11
Tue Jan 15 08:53:09 2013,         11
Tue Jan 15 08:53:31 2013,         11
Tue Jan 15 08:53:53 2013,         11
Tue Jan 15 08:54:15 2013,          8
Tue Jan 15 08:54:36 2013,          8
Tue Jan 15 08:54:58 2013,          8
Tue Jan 15 08:55:20 2013,          8
Tue Jan 15 08:55:41 2013,          8
Tue Jan 15 08:56:03 2013,          8
Tue Jan 15 08:56:24 2013,         10
Tue Jan 15 08:56:45 2013,         10
Tue Jan 15 08:57:07 2013,         10
Tue Jan 15 08:57:28 2013,         10
Tue Jan 15 08:57:50 2013,         10
Tue Jan 15 08:58:12 2013,         10
Tue Jan 15 08:58:34 2013,         12
Tue Jan 15 08:58:55 2013,         12
Tue Jan 15 08:59:18 2013,         12
Tue Jan 15 08:59:40 2013,         12
Tue Jan 15 09:00:01 2013,         12
Tue Jan 15 09:00:23 2013,         14
Tue Jan 15 09:00:44 2013,         14
Tue Jan 15 09:01:06 2013,         14
Tue Jan 15 09:01:28 2013,         14
Tue Jan 15 09:01:49 2013,         14
Tue Jan 15 09:02:11 2013,         14
Tue Jan 15 09:02:33 2013,         16
Tue Jan 15 09:02:55 2013,         16
Tue Jan 15 09:03:16 2013,         16
Tue Jan 15 09:03:38 2013,         16
Tue Jan 15 09:04:00 2013,         16
Tue Jan 15 09:04:22 2013,         18
Tue Jan 15 09:04:43 2013,         18
Tue Jan 15 09:05:05 2013,         18
Tue Jan 15 09:05:26 2013,         18
Tue Jan 15 09:05:48 2013,         18
Tue Jan 15 09:06:10 2013,         18
Tue Jan 15 09:06:31 2013,         20
Tue Jan 15 09:06:53 2013,         20
Tue Jan 15 09:07:15 2013,         20
Tue Jan 15 09:07:36 2013,         20
Tue Jan 15 09:07:58 2013,         20
Tue Jan 15 09:08:20 2013,         22
Tue Jan 15 09:08:42 2013,         22
Tue Jan 15 09:09:03 2013,         22
Tue Jan 15 09:09:25 2013,         22
Tue Jan 15 09:09:46 2013,         22
Tue Jan 15 09:10:08 2013,         22
Tue Jan 15 09:10:30 2013,         24
Tue Jan 15 09:10:51 2013,         24
Tue Jan 15 09:11:13 2013,         24
Tue Jan 15 09:11:35 2013,         24
Tue Jan 15 09:11:57 2013,         24
Tue Jan 15 09:12:19 2013,         26
Tue Jan 15 09:12:41 2013,         26
Tue Jan 15 09:13:03 2013,         26
Tue Jan 15 09:13:24 2013,         26
Tue Jan 15 09:13:46 2013,         26
Tue Jan 15 09:14:08 2013,         26
Tue Jan 15 09:14:30 2013,         28
Tue Jan 15 09:14:52 2013,         28
Tue Jan 15 09:15:13 2013,         28
Tue Jan 15 09:15:35 2013,         28
Tue Jan 15 09:15:57 2013,         28
Tue Jan 15 09:16:19 2013,         30
Tue Jan 15 09:16:41 2013,         30
Tue Jan 15 09:17:03 2013,         30
Tue Jan 15 09:17:24 2013,         30
Tue Jan 15 09:17:46 2013,         30
Tue Jan 15 09:18:08 2013,         30
Tue Jan 15 09:18:30 2013,         32
Tue Jan 15 09:18:52 2013,         32
Tue Jan 15 09:19:14 2013,         32
Tue Jan 15 09:19:36 2013,         32
Tue Jan 15 09:19:58 2013,         32
Tue Jan 15 09:20:19 2013,         34
Tue Jan 15 09:20:41 2013,         34
Tue Jan 15 09:21:03 2013,         34
Tue Jan 15 09:21:25 2013,         34
Tue Jan 15 09:21:46 2013,         34
Tue Jan 15 09:22:08 2013,         34
Tue Jan 15 09:22:30 2013,         32
Tue Jan 15 09:22:52 2013,         32
Tue Jan 15 09:23:13 2013,         32
Tue Jan 15 09:23:35 2013,         32
Tue Jan 15 09:23:57 2013,         32
Tue Jan 15 09:24:19 2013,         34
Tue Jan 15 09:24:41 2013,         34
Tue Jan 15 09:25:03 2013,         34
Tue Jan 15 09:25:25 2013,         34
Tue Jan 15 09:25:47 2013,         34
Tue Jan 15 09:26:09 2013,         34
Tue Jan 15 09:26:30 2013,         35
Tue Jan 15 09:26:52 2013,        -10
Tue Jan 15 09:27:14 2013,         35
Tue Jan 15 09:27:37 2013,         35
Tue Jan 15 09:27:58 2013,         35
Tue Jan 15 09:28:20 2013,         37
Tue Jan 15 09:28:42 2013,         37
Tue Jan 15 09:29:04 2013,         37
Tue Jan 15 09:29:26 2013,         37
Tue Jan 15 09:29:47 2013,         37
Tue Jan 15 09:30:09 2013,         37
Tue Jan 15 09:30:31 2013,         30
Tue Jan 15 09:30:53 2013,         30
Tue Jan 15 09:31:15 2013,         30
Tue Jan 15 09:31:36 2013,         30
Tue Jan 15 09:31:58 2013,         30
Tue Jan 15 09:32:20 2013,         32
Tue Jan 15 09:32:42 2013,         32
Tue Jan 15 09:33:04 2013,         32
Tue Jan 15 09:33:26 2013,         32
Tue Jan 15 09:33:48 2013,         32
Tue Jan 15 09:34:09 2013,         32
Tue Jan 15 09:34:31 2013,         34
Tue Jan 15 09:34:53 2013,         34
Tue Jan 15 09:35:14 2013,         34
Tue Jan 15 09:35:37 2013,         34
Tue Jan 15 09:35:58 2013,         34
Tue Jan 15 09:36:20 2013,         36
Tue Jan 15 09:36:42 2013,         36
Tue Jan 15 09:37:04 2013,         36
Tue Jan 15 09:37:26 2013,         36
Tue Jan 15 09:37:48 2013,         36
Tue Jan 15 09:38:09 2013,         36
Tue Jan 15 09:38:31 2013,         38
Tue Jan 15 09:38:53 2013,         38
Tue Jan 15 09:39:15 2013,         38
Tue Jan 15 09:39:37 2013,         38
Tue Jan 15 09:39:58 2013,         38
Tue Jan 15 09:40:20 2013,         40
Tue Jan 15 09:40:42 2013,         40
Tue Jan 15 09:41:04 2013,         40
Tue Jan 15 09:41:25 2013,         40
Tue Jan 15 09:41:47 2013,         40
Tue Jan 15 09:42:09 2013,         40
Tue Jan 15 09:42:31 2013,         41
Tue Jan 15 09:42:53 2013,         41
Tue Jan 15 09:43:14 2013,         41
Tue Jan 15 09:43:37 2013,         41
Tue Jan 15 09:43:59 2013,         41
Tue Jan 15 09:44:21 2013,         43
Tue Jan 15 09:44:43 2013,         43
Tue Jan 15 09:45:05 2013,         43
Tue Jan 15 09:45:27 2013,         43
Tue Jan 15 09:45:48 2013,         43
Tue Jan 15 09:46:10 2013,         43
Tue Jan 15 09:46:32 2013,         41
Tue Jan 15 09:46:53 2013,         41
Tue Jan 15 09:47:16 2013,         41
Tue Jan 15 09:47:38 2013,         41
Tue Jan 15 09:47:59 2013,         41
Tue Jan 15 09:48:22 2013,         43
Tue Jan 15 09:48:43 2013,         43
Tue Jan 15 09:49:05 2013,         43
Tue Jan 15 09:49:27 2013,         43
Tue Jan 15 09:49:49 2013,         43
Tue Jan 15 09:50:10 2013,         43
Tue Jan 15 09:50:32 2013,         45
Tue Jan 15 09:50:54 2013,         45
Tue Jan 15 09:51:16 2013,         45
Tue Jan 15 09:51:38 2013,         45
Tue Jan 15 09:52:00 2013,         45
Tue Jan 15 09:52:22 2013,         47
Tue Jan 15 09:52:44 2013,         47
Tue Jan 15 09:53:05 2013,         47
Tue Jan 15 09:53:27 2013,         47
Tue Jan 15 09:53:49 2013,         47
Tue Jan 15 09:54:11 2013,         47
Tue Jan 15 09:54:32 2013,         39
Tue Jan 15 09:54:55 2013,         39
Tue Jan 15 09:55:17 2013,         39
Tue Jan 15 09:55:38 2013,         39
Tue Jan 15 09:56:00 2013,         39
Tue Jan 15 09:56:22 2013,         41
Tue Jan 15 09:56:44 2013,         41
Tue Jan 15 09:57:07 2013,         41
Tue Jan 15 09:57:29 2013,         41
Tue Jan 15 09:57:51 2013,         41
Tue Jan 15 09:58:13 2013,         39
Tue Jan 15 09:58:35 2013,         39
Tue Jan 15 09:58:57 2013,         39
Tue Jan 15 09:59:19 2013,         39
Tue Jan 15 09:59:41 2013,         39
Tue Jan 15 10:00:02 2013,         39
Tue Jan 15 10:00:24 2013,         41
Tue Jan 15 10:00:46 2013,         41
Tue Jan 15 10:01:08 2013,         41
Tue Jan 15 10:01:30 2013,         41
Tue Jan 15 10:01:51 2013,         41
Tue Jan 15 10:02:13 2013,         43
Tue Jan 15 10:02:35 2013,         23
Tue Jan 15 10:02:57 2013,         43
Tue Jan 15 10:03:19 2013,         43
Tue Jan 15 10:03:40 2013,         43
Tue Jan 15 10:04:02 2013,         43
Tue Jan 15 10:04:24 2013,         44
Tue Jan 15 10:04:47 2013,         44
Tue Jan 15 10:05:09 2013,         44
Tue Jan 15 10:05:30 2013,         44
Tue Jan 15 10:05:52 2013,         44
Tue Jan 15 10:06:15 2013,         45
Tue Jan 15 10:06:37 2013,         45
Tue Jan 15 10:06:59 2013,         45
Tue Jan 15 10:07:21 2013,         45
Tue Jan 15 10:07:43 2013,         45
Tue Jan 15 10:08:05 2013,         45
Tue Jan 15 10:08:28 2013,         47
Tue Jan 15 10:08:50 2013,         47
Tue Jan 15 10:09:12 2013,         47
Tue Jan 15 10:09:34 2013,         47
Tue Jan 15 10:09:56 2013,         47
Tue Jan 15 10:10:18 2013,         47
Tue Jan 15 10:10:40 2013,         47
Tue Jan 15 10:11:01 2013,         47
Tue Jan 15 10:11:23 2013,         47
Tue Jan 15 10:11:45 2013,         47
Tue Jan 15 10:12:07 2013,         47
Tue Jan 15 10:12:28 2013,         49
Tue Jan 15 10:12:50 2013,        -10
Tue Jan 15 10:13:12 2013,         49
Tue Jan 15 10:13:34 2013,         49
Tue Jan 15 10:13:56 2013,         49
Tue Jan 15 10:14:18 2013,         47
Tue Jan 15 10:14:40 2013,         47
Tue Jan 15 10:15:02 2013,         47
Tue Jan 15 10:15:24 2013,         47
Tue Jan 15 10:15:46 2013,         47
Tue Jan 15 10:16:07 2013,         47
Tue Jan 15 10:16:30 2013,         49
Tue Jan 15 10:16:52 2013,         49
Tue Jan 15 10:17:13 2013,         49
Tue Jan 15 10:17:35 2013,         49
Tue Jan 15 10:17:57 2013,         49
Tue Jan 15 10:18:19 2013,         51
Tue Jan 15 10:18:41 2013,         51
Tue Jan 15 10:19:03 2013,         51
Tue Jan 15 10:19:25 2013,         51
Tue Jan 15 10:19:47 2013,         51
Tue Jan 15 10:20:09 2013,         51
Tue Jan 15 10:20:30 2013,         53
Tue Jan 15 10:20:52 2013,         53
Tue Jan 15 10:21:14 2013,         53
Tue Jan 15 10:21:36 2013,         53
Tue Jan 15 10:21:57 2013,         53
Tue Jan 15 10:22:19 2013,         55
Tue Jan 15 10:22:41 2013,         55
Tue Jan 15 10:23:03 2013,         55
Tue Jan 15 10:23:25 2013,         55
Tue Jan 15 10:23:47 2013,         55
Tue Jan 15 10:24:09 2013,         55
Tue Jan 15 10:24:31 2013,         57
Tue Jan 15 10:24:52 2013,         57
Tue Jan 15 10:25:14 2013,         57
Tue Jan 15 10:25:36 2013,         57
Tue Jan 15 10:25:58 2013,         57
Tue Jan 15 10:26:20 2013,         59
Tue Jan 15 10:26:41 2013,         59
Tue Jan 15 10:27:03 2013,         59
Tue Jan 15 10:27:25 2013,         59
Tue Jan 15 10:27:47 2013,         59
Tue Jan 15 10:28:10 2013,         59
Tue Jan 15 10:28:32 2013,         61
Tue Jan 15 10:28:54 2013,         61
Tue Jan 15 10:29:16 2013,         61
Tue Jan 15 10:29:38 2013,         61
Tue Jan 15 10:29:59 2013,         61
Tue Jan 15 10:30:21 2013,         63
Tue Jan 15 10:30:43 2013,         63
Tue Jan 15 10:31:05 2013,         63
Tue Jan 15 10:31:26 2013,         63
Tue Jan 15 10:31:48 2013,         63
Tue Jan 15 10:32:10 2013,         63
Tue Jan 15 10:32:32 2013,         65
Tue Jan 15 10:32:53 2013,         65
Tue Jan 15 10:33:15 2013,         65
Tue Jan 15 10:33:38 2013,         65
Tue Jan 15 10:33:59 2013,         65
Tue Jan 15 10:34:22 2013,         67
Tue Jan 15 10:34:44 2013,         67
Tue Jan 15 10:35:06 2013,         67
Tue Jan 15 10:35:28 2013,         67
Tue Jan 15 10:35:50 2013,         67
Tue Jan 15 10:36:11 2013,         67
Tue Jan 15 10:36:33 2013,         69
Tue Jan 15 10:36:55 2013,         69
Tue Jan 15 10:37:17 2013,         69
Tue Jan 15 10:37:39 2013,         69
Tue Jan 15 10:38:01 2013,         69
Tue Jan 15 10:38:23 2013,         71
Tue Jan 15 10:38:45 2013,         71
Tue Jan 15 10:39:07 2013,         71
Tue Jan 15 10:39:29 2013,         71
Tue Jan 15 10:39:50 2013,         71
Tue Jan 15 10:40:13 2013,         73
Tue Jan 15 10:40:34 2013,         73
Tue Jan 15 10:40:56 2013,         73
Tue Jan 15 10:41:18 2013,         73
Tue Jan 15 10:41:39 2013,         73
Tue Jan 15 10:42:01 2013,         73
Tue Jan 15 10:42:23 2013,         75
Tue Jan 15 10:42:45 2013,         75
Tue Jan 15 10:43:07 2013,         75
Tue Jan 15 10:43:29 2013,         75
Tue Jan 15 10:43:51 2013,         75
Tue Jan 15 10:44:13 2013,         77
Tue Jan 15 10:44:35 2013,         77
Tue Jan 15 10:44:56 2013,         77
Tue Jan 15 10:45:18 2013,         77
Tue Jan 15 10:45:40 2013,         77
Tue Jan 15 10:46:02 2013,         77
Tue Jan 15 10:46:23 2013,         79
Tue Jan 15 10:46:45 2013,         79
Tue Jan 15 10:47:07 2013,         79
Tue Jan 15 10:47:28 2013,         79
Tue Jan 15 10:47:50 2013,         79
Tue Jan 15 10:48:13 2013,         79
Tue Jan 15 10:48:35 2013,         81
Tue Jan 15 10:48:57 2013,         81
Tue Jan 15 10:49:19 2013,         81
Tue Jan 15 10:49:41 2013,         81
Tue Jan 15 10:50:03 2013,         81
Tue Jan 15 10:50:25 2013,         83
Tue Jan 15 10:50:47 2013,         83
Tue Jan 15 10:51:09 2013,         83
Tue Jan 15 10:51:30 2013,         83
Tue Jan 15 10:51:52 2013,         83
Tue Jan 15 10:52:15 2013,         84
Tue Jan 15 10:52:37 2013,         84
Tue Jan 15 10:52:59 2013,         84
Tue Jan 15 10:53:20 2013,         84
Tue Jan 15 10:53:42 2013,         84
Tue Jan 15 10:54:04 2013,         84
Tue Jan 15 10:54:26 2013,         86
Tue Jan 15 10:54:48 2013,         86
Tue Jan 15 10:55:10 2013,         86
Tue Jan 15 10:55:32 2013,         86
Tue Jan 15 10:55:54 2013,         86
Tue Jan 15 10:56:16 2013,         86
Tue Jan 15 10:56:38 2013,         86
Tue Jan 15 10:56:59 2013,         86
Tue Jan 15 10:57:21 2013,         86
Tue Jan 15 10:57:44 2013,         86
Tue Jan 15 10:58:05 2013,         86
Tue Jan 15 10:58:27 2013,         88
Tue Jan 15 10:58:50 2013,         88
Tue Jan 15 10:59:12 2013,         88
Tue Jan 15 10:59:34 2013,         88
Tue Jan 15 10:59:56 2013,         88
Tue Jan 15 11:00:18 2013,         87
Tue Jan 15 11:00:40 2013,         87
Tue Jan 15 11:01:01 2013,         87
Tue Jan 15 11:01:23 2013,         87
Tue Jan 15 11:01:45 2013,         87
Tue Jan 15 11:02:07 2013,         87
Tue Jan 15 11:02:29 2013,         89
Tue Jan 15 11:02:51 2013,         89
Tue Jan 15 11:03:13 2013,         89
Tue Jan 15 11:03:34 2013,         89
Tue Jan 15 11:03:56 2013,         89
Tue Jan 15 11:04:18 2013,         90
Tue Jan 15 11:04:41 2013,         90
Tue Jan 15 11:05:03 2013,         90
Tue Jan 15 11:05:24 2013,         90
Tue Jan 15 11:05:46 2013,         90
Tue Jan 15 11:06:08 2013,         90
Tue Jan 15 11:06:30 2013,         91
Tue Jan 15 11:06:52 2013,         91
Tue Jan 15 11:07:13 2013,         91
Tue Jan 15 11:07:36 2013,         91
Tue Jan 15 11:07:58 2013,         91
Tue Jan 15 11:08:20 2013,         93
Tue Jan 15 11:08:43 2013,         93
Tue Jan 15 11:09:04 2013,         93
Tue Jan 15 11:09:26 2013,         93
Tue Jan 15 11:09:48 2013,         93
Tue Jan 15 11:10:09 2013,         93
Tue Jan 15 11:10:31 2013,         92
Tue Jan 15 11:10:53 2013,         92
Tue Jan 15 11:11:15 2013,         92
Tue Jan 15 11:11:37 2013,         92
Tue Jan 15 11:11:59 2013,         92
Tue Jan 15 11:12:21 2013,         93
Tue Jan 15 11:12:43 2013,         93
Tue Jan 15 11:13:05 2013,         93
Tue Jan 15 11:13:27 2013,         93
Tue Jan 15 11:13:49 2013,         93
Tue Jan 15 11:14:11 2013,         93
Tue Jan 15 11:14:33 2013,         88
Tue Jan 15 11:14:54 2013,         88
Tue Jan 15 11:15:16 2013,         88
Tue Jan 15 11:15:38 2013,         88
Tue Jan 15 11:16:00 2013,         88
Tue Jan 15 11:16:23 2013,         84
Tue Jan 15 11:16:44 2013,         84
Tue Jan 15 11:17:06 2013,         84
Tue Jan 15 11:17:28 2013,         84
Tue Jan 15 11:17:50 2013,         84
Tue Jan 15 11:18:12 2013,         84
Tue Jan 15 11:18:34 2013,         85
Tue Jan 15 11:18:55 2013,         85
Tue Jan 15 11:19:17 2013,         85
Tue Jan 15 11:19:39 2013,        -10
Tue Jan 15 11:20:01 2013,         85
Tue Jan 15 11:20:23 2013,         86
Tue Jan 15 11:20:45 2013,         86
Tue Jan 15 11:21:07 2013,         86
Tue Jan 15 11:21:29 2013,         86
Tue Jan 15 11:21:51 2013,         86
Tue Jan 15 11:22:13 2013,         81
Tue Jan 15 11:22:34 2013,         81
Tue Jan 15 11:22:56 2013,         81
Tue Jan 15 11:23:18 2013,         81
Tue Jan 15 11:23:39 2013,         81
Tue Jan 15 11:24:01 2013,         81
Tue Jan 15 11:24:23 2013,         83
Tue Jan 15 11:24:45 2013,         83
Tue Jan 15 11:25:07 2013,         83
Tue Jan 15 11:25:29 2013,         83
Tue Jan 15 11:25:51 2013,         83
Tue Jan 15 11:26:14 2013,         85
Tue Jan 15 11:26:35 2013,         85
Tue Jan 15 11:26:57 2013,         85
Tue Jan 15 11:27:19 2013,         85
Tue Jan 15 11:27:41 2013,         85
Tue Jan 15 11:28:03 2013,         85
Tue Jan 15 11:28:25 2013,         87
Tue Jan 15 11:28:47 2013,         87
Tue Jan 15 11:29:09 2013,         87
Tue Jan 15 11:29:30 2013,         87
Tue Jan 15 11:29:53 2013,         87
Tue Jan 15 11:30:15 2013,         89
Tue Jan 15 11:30:37 2013,         89
Tue Jan 15 11:30:59 2013,         89
Tue Jan 15 11:31:22 2013,         25
Tue Jan 15 11:31:44 2013,         89
Tue Jan 15 11:32:06 2013,         89
Tue Jan 15 11:32:27 2013,         91
Tue Jan 15 11:32:49 2013,         91
Tue Jan 15 11:33:11 2013,         91
Tue Jan 15 11:33:33 2013,         91
Tue Jan 15 11:33:55 2013,         91
Tue Jan 15 11:34:17 2013,         85
Tue Jan 15 11:34:39 2013,         85
Tue Jan 15 11:35:01 2013,         85
Tue Jan 15 11:35:23 2013,         85
Tue Jan 15 11:35:44 2013,         85
Tue Jan 15 11:36:06 2013,         85
Tue Jan 15 11:36:28 2013,         83
Tue Jan 15 11:36:50 2013,         83
Tue Jan 15 11:37:12 2013,         83
Tue Jan 15 11:37:35 2013,         83
Tue Jan 15 11:37:56 2013,         83
Tue Jan 15 11:38:19 2013,         84
Tue Jan 15 11:38:40 2013,         84
Tue Jan 15 11:39:02 2013,         84
Tue Jan 15 11:39:24 2013,         84
Tue Jan 15 11:39:47 2013,         84
Tue Jan 15 11:40:09 2013,         84
Tue Jan 15 11:40:31 2013,         86
Tue Jan 15 11:40:53 2013,         86
Tue Jan 15 11:41:15 2013,         86
Tue Jan 15 11:41:37 2013,         86
Tue Jan 15 11:41:59 2013,         86
Tue Jan 15 11:42:21 2013,         87
Tue Jan 15 11:42:43 2013,         87
Tue Jan 15 11:43:05 2013,         87
Tue Jan 15 11:43:27 2013,         87
Tue Jan 15 11:43:49 2013,         87
Tue Jan 15 11:44:11 2013,         87
Tue Jan 15 11:44:33 2013,         89
Tue Jan 15 11:44:55 2013,         89
Tue Jan 15 11:45:17 2013,         89
Tue Jan 15 11:45:39 2013,         89
Tue Jan 15 11:46:01 2013,         89
Tue Jan 15 11:46:22 2013,         87
Tue Jan 15 11:46:45 2013,         87
Tue Jan 15 11:47:07 2013,         87
Tue Jan 15 11:47:28 2013,         87
Tue Jan 15 11:47:50 2013,         87
Tue Jan 15 11:48:13 2013,         89
Tue Jan 15 11:48:35 2013,         89
Tue Jan 15 11:48:56 2013,         89
Tue Jan 15 11:49:19 2013,         89
Tue Jan 15 11:49:41 2013,         89
Tue Jan 15 11:50:03 2013,         89
Tue Jan 15 11:50:25 2013,         91
Tue Jan 15 11:50:47 2013,         91
Tue Jan 15 11:51:08 2013,         91
Tue Jan 15 11:51:30 2013,         91
Tue Jan 15 11:51:52 2013,         91
Tue Jan 15 11:52:14 2013,         93
Tue Jan 15 11:52:36 2013,         93
Tue Jan 15 11:52:58 2013,         93
Tue Jan 15 11:53:20 2013,         93
Tue Jan 15 11:53:41 2013,         93
Tue Jan 15 11:54:03 2013,         93
Tue Jan 15 11:54:25 2013,         95
Tue Jan 15 11:54:47 2013,         95
Tue Jan 15 11:55:09 2013,         95
Tue Jan 15 11:55:31 2013,         95
Tue Jan 15 11:55:53 2013,         95
Tue Jan 15 11:56:15 2013,         97
Tue Jan 15 11:56:37 2013,         97
Tue Jan 15 11:56:59 2013,         97
Tue Jan 15 11:57:21 2013,         97
Tue Jan 15 11:57:43 2013,         97
Tue Jan 15 11:58:05 2013,         97
Tue Jan 15 11:58:27 2013,         95
Tue Jan 15 11:58:49 2013,         95
Tue Jan 15 11:59:10 2013,         95
Tue Jan 15 11:59:33 2013,         95
Tue Jan 15 11:59:54 2013,         95
Tue Jan 15 12:00:16 2013,         97
Tue Jan 15 12:00:38 2013,         97
Tue Jan 15 12:01:00 2013,         97
Tue Jan 15 12:01:21 2013,         97
Tue Jan 15 12:01:43 2013,         97
Tue Jan 15 12:02:05 2013,         97
Tue Jan 15 12:02:27 2013,         99
Tue Jan 15 12:02:49 2013,         99
Tue Jan 15 12:03:11 2013,         99
Tue Jan 15 12:03:32 2013,         99
Tue Jan 15 12:03:54 2013,         99
Tue Jan 15 12:04:16 2013,         85
Tue Jan 15 12:04:38 2013,         85
Tue Jan 15 12:05:00 2013,         85
Tue Jan 15 12:05:22 2013,         85
Tue Jan 15 12:05:43 2013,         85
Tue Jan 15 12:06:06 2013,         85
Tue Jan 15 12:06:28 2013,         77
Tue Jan 15 12:06:50 2013,         77
Tue Jan 15 12:07:11 2013,         77
Tue Jan 15 12:07:33 2013,         77
Tue Jan 15 12:07:56 2013,         77
Tue Jan 15 12:08:18 2013,        -10
Tue Jan 15 12:08:40 2013,         79
Tue Jan 15 12:09:02 2013,         79
Tue Jan 15 12:09:24 2013,         79
Tue Jan 15 12:09:46 2013,         79
Tue Jan 15 12:10:08 2013,         79
Tue Jan 15 12:10:30 2013,         81
Tue Jan 15 12:10:51 2013,         81
Tue Jan 15 12:11:13 2013,         81
Tue Jan 15 12:11:35 2013,         81
Tue Jan 15 12:11:57 2013,         81
Tue Jan 15 12:12:19 2013,         83
Tue Jan 15 12:12:41 2013,         83
Tue Jan 15 12:13:02 2013,         83
Tue Jan 15 12:13:24 2013,         83
Tue Jan 15 12:13:46 2013,         83
Tue Jan 15 12:14:08 2013,         83
Tue Jan 15 12:14:30 2013,         78
Tue Jan 15 12:14:51 2013,         78
Tue Jan 15 12:15:13 2013,         78
Tue Jan 15 12:15:35 2013,         78
Tue Jan 15 12:15:57 2013,         78
Tue Jan 15 12:16:19 2013,         73
Tue Jan 15 12:16:41 2013,         73
Tue Jan 15 12:17:02 2013,         73
Tue Jan 15 12:17:24 2013,         73
Tue Jan 15 12:17:46 2013,         73
Tue Jan 15 12:18:07 2013,         73
Tue Jan 15 12:18:30 2013,         75
Tue Jan 15 12:18:51 2013,         75
Tue Jan 15 12:19:13 2013,         75
Tue Jan 15 12:19:35 2013,         75
Tue Jan 15 12:19:57 2013,         75
Tue Jan 15 12:20:19 2013,         75
Tue Jan 15 12:20:41 2013,         75
Tue Jan 15 12:21:03 2013,         75
Tue Jan 15 12:21:25 2013,         75
Tue Jan 15 12:21:46 2013,         75
Tue Jan 15 12:22:08 2013,         75
Tue Jan 15 12:22:32 2013,         77
Tue Jan 15 12:22:54 2013,         77
Tue Jan 15 12:23:17 2013,         77
Tue Jan 15 12:23:39 2013,         77
Tue Jan 15 12:24:01 2013,         77
Tue Jan 15 12:24:23 2013,         77
Tue Jan 15 12:24:44 2013,         77
Tue Jan 15 12:25:06 2013,         77
Tue Jan 15 12:25:28 2013,         77
Tue Jan 15 12:25:49 2013,         77
Tue Jan 15 12:26:11 2013,         77
Tue Jan 15 12:26:33 2013,         50
Tue Jan 15 12:26:55 2013,         79
Tue Jan 15 12:27:17 2013,         79
Tue Jan 15 12:27:39 2013,         79
Tue Jan 15 12:28:01 2013,         79
Tue Jan 15 12:28:23 2013,        -10
Tue Jan 15 12:28:45 2013,         81
Tue Jan 15 12:29:07 2013,         81
Tue Jan 15 12:29:28 2013,         81
Tue Jan 15 12:29:50 2013,         81
Tue Jan 15 12:30:13 2013,         83
Tue Jan 15 12:30:34 2013,         83
Tue Jan 15 12:30:56 2013,         83
Tue Jan 15 12:31:18 2013,         83
Tue Jan 15 12:31:40 2013,         83
Tue Jan 15 12:32:01 2013,         83
Tue Jan 15 12:32:23 2013,         85
Tue Jan 15 12:32:45 2013,         85
Tue Jan 15 12:33:06 2013,         85
Tue Jan 15 12:33:28 2013,         85
Tue Jan 15 12:33:50 2013,         85
Tue Jan 15 12:34:12 2013,         87
Tue Jan 15 12:34:33 2013,         87
Tue Jan 15 12:34:55 2013,         87
Tue Jan 15 12:35:17 2013,         87
Tue Jan 15 12:35:39 2013,         87
Tue Jan 15 12:36:00 2013,         87
Tue Jan 15 12:36:23 2013,         89
Tue Jan 15 12:36:45 2013,         89
Tue Jan 15 12:37:07 2013,         89
Tue Jan 15 12:37:28 2013,         89
Tue Jan 15 12:37:50 2013,         89
Tue Jan 15 12:38:12 2013,         89
Tue Jan 15 12:38:34 2013,         91
Tue Jan 15 12:38:56 2013,         91
Tue Jan 15 12:39:18 2013,         91
Tue Jan 15 12:39:40 2013,         91
Tue Jan 15 12:40:02 2013,         91
Tue Jan 15 12:40:24 2013,         93
Tue Jan 15 12:40:46 2013,         93
Tue Jan 15 12:41:07 2013,         93
Tue Jan 15 12:41:54 2013,         93
Tue Jan 15 12:42:16 2013,         95
Tue Jan 15 12:42:37 2013,         95
Tue Jan 15 12:42:59 2013,         95
Tue Jan 15 12:43:21 2013,         95
Tue Jan 15 12:43:43 2013,         95
Tue Jan 15 12:44:05 2013,         84
Tue Jan 15 12:44:26 2013,         97
Tue Jan 15 12:44:48 2013,         97
Tue Jan 15 12:45:10 2013,         97
Tue Jan 15 12:45:32 2013,         97
Tue Jan 15 12:45:54 2013,         97
Tue Jan 15 12:46:16 2013,         99
Tue Jan 15 12:46:37 2013,         99
Tue Jan 15 12:47:00 2013,         99
Tue Jan 15 12:47:21 2013,         99
Tue Jan 15 12:47:43 2013,         99
Tue Jan 15 12:48:05 2013,         99
Tue Jan 15 12:48:27 2013,        100
Tue Jan 15 12:48:49 2013,        100
Tue Jan 15 12:49:11 2013,        100
Tue Jan 15 12:49:32 2013,        100
Tue Jan 15 12:49:54 2013,        100
Tue Jan 15 12:50:17 2013,        102
Tue Jan 15 12:50:39 2013,        102
Tue Jan 15 12:51:00 2013,        102
Tue Jan 15 12:51:22 2013,        102
Tue Jan 15 12:51:44 2013,        102
Tue Jan 15 12:52:05 2013,        102
Tue Jan 15 12:52:27 2013,        104
Tue Jan 15 12:52:49 2013,        104
Tue Jan 15 12:53:11 2013,        104
Tue Jan 15 12:53:32 2013,        104
Tue Jan 15 12:53:54 2013,        104
Tue Jan 15 12:54:17 2013,        105
Tue Jan 15 12:54:38 2013,        105
Tue Jan 15 12:55:00 2013,        105
Tue Jan 15 12:55:22 2013,        105
Tue Jan 15 12:55:44 2013,        105
Tue Jan 15 12:56:06 2013,        105
Tue Jan 15 12:56:28 2013,        106
Tue Jan 15 12:56:50 2013,        106
Tue Jan 15 12:57:12 2013,        106
Tue Jan 15 12:57:34 2013,        106
Tue Jan 15 12:57:55 2013,        106
Tue Jan 15 12:58:18 2013,        102
Tue Jan 15 12:58:40 2013,        102
Tue Jan 15 12:59:02 2013,        102
Tue Jan 15 12:59:23 2013,        102
Tue Jan 15 12:59:45 2013,        102
Tue Jan 15 13:00:07 2013,        102
Tue Jan 15 13:00:30 2013,        103
Tue Jan 15 13:00:52 2013,        103
Tue Jan 15 13:01:13 2013,        103
Tue Jan 15 13:01:36 2013,        103
Tue Jan 15 13:01:58 2013,        103
Tue Jan 15 13:02:20 2013,        104
Tue Jan 15 13:02:42 2013,        104
Tue Jan 15 13:03:03 2013,        104
Tue Jan 15 13:03:25 2013,        104
Tue Jan 15 13:03:46 2013,        104
Tue Jan 15 13:04:09 2013,        104
Tue Jan 15 13:04:31 2013,        102
Tue Jan 15 13:04:53 2013,        102
Tue Jan 15 13:05:14 2013,        102
Tue Jan 15 13:05:36 2013,        102
Tue Jan 15 13:05:58 2013,        102
Tue Jan 15 13:06:20 2013,        102
Tue Jan 15 13:06:42 2013,        102
Tue Jan 15 13:07:03 2013,        102
Tue Jan 15 13:07:25 2013,        102
Tue Jan 15 13:07:47 2013,        102
Tue Jan 15 13:08:09 2013,        102
Tue Jan 15 13:08:31 2013,         92
Tue Jan 15 13:08:53 2013,         92
Tue Jan 15 13:09:15 2013,         92
Tue Jan 15 13:09:37 2013,         92
Tue Jan 15 13:09:58 2013,         92
Tue Jan 15 13:10:20 2013,         94
Tue Jan 15 13:10:42 2013,         94
Tue Jan 15 13:11:04 2013,         94
Tue Jan 15 13:11:26 2013,         94
Tue Jan 15 13:11:47 2013,         94
Tue Jan 15 13:12:09 2013,         94
Tue Jan 15 13:12:31 2013,         90
Tue Jan 15 13:12:53 2013,         90
Tue Jan 15 13:13:15 2013,         90
Tue Jan 15 13:13:36 2013,         90
Tue Jan 15 13:13:59 2013,         90
Tue Jan 15 13:14:21 2013,         92
Tue Jan 15 13:14:43 2013,         92
Tue Jan 15 13:15:05 2013,         92
Tue Jan 15 13:15:27 2013,         92
Tue Jan 15 13:15:49 2013,         92
Tue Jan 15 13:16:11 2013,         92
Tue Jan 15 13:16:33 2013,         92
Tue Jan 15 13:16:54 2013,         92
Tue Jan 15 13:17:16 2013,         92
Tue Jan 15 13:17:39 2013,         43
Tue Jan 15 13:18:01 2013,         92
Tue Jan 15 13:18:23 2013,         94
Tue Jan 15 13:18:45 2013,         94
Tue Jan 15 13:19:07 2013,         94
Tue Jan 15 13:19:29 2013,         94
Tue Jan 15 13:19:51 2013,         94
Tue Jan 15 13:20:14 2013,         96
Tue Jan 15 13:20:36 2013,         96
Tue Jan 15 13:20:58 2013,         96
Tue Jan 15 13:21:19 2013,         96
Tue Jan 15 13:21:41 2013,         96
Tue Jan 15 13:22:04 2013,         96
Tue Jan 15 13:22:26 2013,         98
Tue Jan 15 13:22:48 2013,         98
Tue Jan 15 13:23:10 2013,         98
Tue Jan 15 13:23:32 2013,         98
Tue Jan 15 13:23:53 2013,         98
Tue Jan 15 13:24:16 2013,        100
Tue Jan 15 13:24:38 2013,        100
Tue Jan 15 13:25:00 2013,        100
Tue Jan 15 13:25:22 2013,        100
Tue Jan 15 13:25:44 2013,        100
Tue Jan 15 13:26:07 2013,        100
Tue Jan 15 13:26:28 2013,        102
Tue Jan 15 13:26:50 2013,        102
Tue Jan 15 13:27:12 2013,        102
Tue Jan 15 13:27:34 2013,        102
Tue Jan 15 13:27:55 2013,         94
Tue Jan 15 13:28:18 2013,        104
Tue Jan 15 13:28:40 2013,        104
Tue Jan 15 13:29:02 2013,        104
Tue Jan 15 13:29:24 2013,        104
Tue Jan 15 13:29:46 2013,        104
Tue Jan 15 13:30:08 2013,        104
Tue Jan 15 13:30:30 2013,        106
Tue Jan 15 13:30:52 2013,        106
Tue Jan 15 13:31:13 2013,        106
Tue Jan 15 13:31:35 2013,        106
Tue Jan 15 13:31:56 2013,        106
Tue Jan 15 13:32:19 2013,        108
Tue Jan 15 13:32:41 2013,        108
Tue Jan 15 13:33:03 2013,        108
Tue Jan 15 13:33:24 2013,        108
Tue Jan 15 13:33:46 2013,        108
Tue Jan 15 13:34:08 2013,        108
Tue Jan 15 13:34:30 2013,        110
Tue Jan 15 13:34:52 2013,        110
Tue Jan 15 13:35:13 2013,        110
Tue Jan 15 13:35:35 2013,        110
Tue Jan 15 13:35:57 2013,        110
Tue Jan 15 13:36:19 2013,        112
Tue Jan 15 13:36:41 2013,        112
Tue Jan 15 13:37:03 2013,        112
Tue Jan 15 13:37:25 2013,        112
Tue Jan 15 13:37:46 2013,        112
Tue Jan 15 13:38:10 2013,        112
Tue Jan 15 13:38:32 2013,        111
Tue Jan 15 13:38:53 2013,        111
Tue Jan 15 13:39:15 2013,        111
Tue Jan 15 13:39:37 2013,        111
Tue Jan 15 13:39:59 2013,        111
Tue Jan 15 13:40:21 2013,        113
Tue Jan 15 13:40:43 2013,        113
Tue Jan 15 13:41:05 2013,        113
Tue Jan 15 13:41:26 2013,        113
Tue Jan 15 13:41:48 2013,        113
Tue Jan 15 13:42:10 2013,        113
Tue Jan 15 13:42:32 2013,        115
Tue Jan 15 13:42:53 2013,        115
Tue Jan 15 13:43:15 2013,        115
Tue Jan 15 13:43:37 2013,        115
Tue Jan 15 13:43:59 2013,        115
Tue Jan 15 13:44:21 2013,        117
Tue Jan 15 13:44:43 2013,        117
Tue Jan 15 13:45:05 2013,        117
Tue Jan 15 13:45:27 2013,        117
Tue Jan 15 13:45:49 2013,        117
Tue Jan 15 13:46:11 2013,        117
Tue Jan 15 13:46:33 2013,        119
Tue Jan 15 13:46:55 2013,        119
Tue Jan 15 13:47:17 2013,        119
Tue Jan 15 13:47:39 2013,        119
Tue Jan 15 13:48:00 2013,        119
Tue Jan 15 13:48:22 2013,        120
Tue Jan 15 13:48:45 2013,        120
Tue Jan 15 13:49:07 2013,        120
Tue Jan 15 13:49:29 2013,        120
Tue Jan 15 13:49:50 2013,        120
Tue Jan 15 13:50:12 2013,        120
Tue Jan 15 13:50:34 2013,        121
Tue Jan 15 13:50:56 2013,        121
Tue Jan 15 13:51:18 2013,        121
Tue Jan 15 13:51:39 2013,        121
Tue Jan 15 13:52:01 2013,        121
Tue Jan 15 13:52:23 2013,        123
Tue Jan 15 13:52:45 2013,        123
Tue Jan 15 13:53:07 2013,        123
Tue Jan 15 13:53:29 2013,        123
Tue Jan 15 13:53:50 2013,        123
Tue Jan 15 13:54:13 2013,        116
Tue Jan 15 13:54:35 2013,        116
Tue Jan 15 13:54:56 2013,        116
Tue Jan 15 13:55:18 2013,        116
Tue Jan 15 13:55:40 2013,        116
Tue Jan 15 13:56:02 2013,        116
Tue Jan 15 13:56:23 2013,        118
Tue Jan 15 13:56:45 2013,        118
Tue Jan 15 13:57:19 2013,        118
Tue Jan 15 13:57:40 2013,        118
Tue Jan 15 13:58:02 2013,        118
Tue Jan 15 13:58:24 2013,        120
Tue Jan 15 13:58:46 2013,        120
Tue Jan 15 13:59:08 2013,        120
Tue Jan 15 13:59:30 2013,        120
Tue Jan 15 13:59:51 2013,        120
Tue Jan 15 14:00:14 2013,        122
Tue Jan 15 14:00:36 2013,        122
Tue Jan 15 14:00:57 2013,        122
Tue Jan 15 14:01:19 2013,        122
Tue Jan 15 14:01:41 2013,        122
Tue Jan 15 14:02:03 2013,        122
Tue Jan 15 14:02:25 2013,        101
Tue Jan 15 14:02:47 2013,        101
Tue Jan 15 14:03:09 2013,        101
Tue Jan 15 14:03:31 2013,        101
Tue Jan 15 14:03:53 2013,        101
Tue Jan 15 14:04:15 2013,        100
Tue Jan 15 14:04:37 2013,        100
Tue Jan 15 14:04:59 2013,        100
Tue Jan 15 14:05:20 2013,        100
Tue Jan 15 14:05:42 2013,        100
Tue Jan 15 14:06:04 2013,        100
Tue Jan 15 14:06:26 2013,        100
Tue Jan 15 14:06:48 2013,        100
Tue Jan 15 14:07:09 2013,        100
Tue Jan 15 14:07:31 2013,        100
Tue Jan 15 14:07:53 2013,        -10
Tue Jan 15 14:08:15 2013,        102
Tue Jan 15 14:08:37 2013,        102
Tue Jan 15 14:08:59 2013,        102
Tue Jan 15 14:09:21 2013,        102
Tue Jan 15 14:09:43 2013,        102
Tue Jan 15 14:10:04 2013,        102
Tue Jan 15 14:10:27 2013,         98
Tue Jan 15 14:10:48 2013,         98
Tue Jan 15 14:11:10 2013,         98
Tue Jan 15 14:11:32 2013,         98
Tue Jan 15 14:11:54 2013,         98
Tue Jan 15 14:12:16 2013,        100
Tue Jan 15 14:12:39 2013,        100
Tue Jan 15 14:13:00 2013,        100
Tue Jan 15 14:13:22 2013,        100
Tue Jan 15 14:13:43 2013,        100
Tue Jan 15 14:14:05 2013,        100
Tue Jan 15 14:14:27 2013,        100
Tue Jan 15 14:14:49 2013,        100
Tue Jan 15 14:15:11 2013,         72
Tue Jan 15 14:15:33 2013,        100
Tue Jan 15 14:16:24 2013,        100
Tue Jan 15 14:16:46 2013,        100
Tue Jan 15 14:17:08 2013,        100
Tue Jan 15 14:17:30 2013,        100
Tue Jan 15 14:17:52 2013,        100
Tue Jan 15 14:18:14 2013,        101
Tue Jan 15 14:18:36 2013,        101
Tue Jan 15 14:18:58 2013,        101
Tue Jan 15 14:19:20 2013,        101
Tue Jan 15 14:19:42 2013,        101
Tue Jan 15 14:20:04 2013,        101
Tue Jan 15 14:20:26 2013,         99
Tue Jan 15 14:20:48 2013,         99
Tue Jan 15 14:21:10 2013,         99
Tue Jan 15 14:21:32 2013,         99
Tue Jan 15 14:21:54 2013,         99
Tue Jan 15 14:22:16 2013,        101
Tue Jan 15 14:22:38 2013,        101
Tue Jan 15 14:22:59 2013,        101
Tue Jan 15 14:23:21 2013,        101
Tue Jan 15 14:23:43 2013,        101
Tue Jan 15 14:24:05 2013,        101
Tue Jan 15 14:24:27 2013,        101
Tue Jan 15 14:24:49 2013,        101
Tue Jan 15 14:25:10 2013,        101
Tue Jan 15 14:25:32 2013,        101
Tue Jan 15 14:25:54 2013,        101
Tue Jan 15 14:26:16 2013,        103
Tue Jan 15 14:26:38 2013,        103
Tue Jan 15 14:27:00 2013,        103
Tue Jan 15 14:27:21 2013,        103
Tue Jan 15 14:27:43 2013,        103
Tue Jan 15 14:28:05 2013,        103
Tue Jan 15 14:28:28 2013,        105
Tue Jan 15 14:28:49 2013,        105
Tue Jan 15 14:29:11 2013,        105
Tue Jan 15 14:29:33 2013,        105
Tue Jan 15 14:29:55 2013,        105
Tue Jan 15 14:30:17 2013,        107
Tue Jan 15 14:30:39 2013,        107
Tue Jan 15 14:31:00 2013,        107
Tue Jan 15 14:31:22 2013,        107
Tue Jan 15 14:31:43 2013,        107
Tue Jan 15 14:32:05 2013,        107
Tue Jan 15 14:32:27 2013,        107
Tue Jan 15 14:32:48 2013,         45
Tue Jan 15 14:33:10 2013,        107
Tue Jan 15 14:33:32 2013,        107
Tue Jan 15 14:33:54 2013,        107
Tue Jan 15 14:34:15 2013,        109
Tue Jan 15 14:34:37 2013,        109
Tue Jan 15 14:34:59 2013,        109
Tue Jan 15 14:35:22 2013,        109
Tue Jan 15 14:35:44 2013,        109
Tue Jan 15 14:36:05 2013,        109
Tue Jan 15 14:36:27 2013,        111
Tue Jan 15 14:36:49 2013,        111
Tue Jan 15 14:37:11 2013,        111
Tue Jan 15 14:37:33 2013,        111
Tue Jan 15 14:37:55 2013,        111
Tue Jan 15 14:38:17 2013,          8
Tue Jan 15 14:38:40 2013,        113
Tue Jan 15 14:39:01 2013,        113
Tue Jan 15 14:39:23 2013,        113
Tue Jan 15 14:39:45 2013,        113
Tue Jan 15 14:40:06 2013,        113
Tue Jan 15 14:40:28 2013,        115
Tue Jan 15 14:40:50 2013,        115
Tue Jan 15 14:41:11 2013,        115
Tue Jan 15 14:41:33 2013,        115
Tue Jan 15 14:41:55 2013,        115
Tue Jan 15 14:42:17 2013,        117
Tue Jan 15 14:42:39 2013,        117
Tue Jan 15 14:43:01 2013,        117
Tue Jan 15 14:43:23 2013,        117
Tue Jan 15 14:43:45 2013,        117
Tue Jan 15 14:44:07 2013,        117
Tue Jan 15 14:44:29 2013,        118
Tue Jan 15 14:44:51 2013,        118
Tue Jan 15 14:45:13 2013,        118
Tue Jan 15 14:45:34 2013,        118
Tue Jan 15 14:45:56 2013,        118
Tue Jan 15 14:46:18 2013,        120
Tue Jan 15 14:46:40 2013,        120
Tue Jan 15 14:47:02 2013,        120
Tue Jan 15 14:47:24 2013,        120
Tue Jan 15 14:47:46 2013,        120
Tue Jan 15 14:48:08 2013,        120
Tue Jan 15 14:48:30 2013,        122
Tue Jan 15 14:48:52 2013,        122
Tue Jan 15 14:49:14 2013,        122
Tue Jan 15 14:49:35 2013,        122
Tue Jan 15 14:49:57 2013,        122
Tue Jan 15 14:50:19 2013,        124
Tue Jan 15 14:50:40 2013,        124
Tue Jan 15 14:51:02 2013,        124
Tue Jan 15 14:51:24 2013,        124
Tue Jan 15 14:51:46 2013,        124
Tue Jan 15 14:52:07 2013,        124
Tue Jan 15 14:52:28 2013,        122
Tue Jan 15 14:52:50 2013,        122
Tue Jan 15 14:53:12 2013,        122
Tue Jan 15 14:53:34 2013,        122
Tue Jan 15 14:53:56 2013,        122
Tue Jan 15 14:54:18 2013,        119
Tue Jan 15 14:54:40 2013,        119
Tue Jan 15 14:55:03 2013,        119
Tue Jan 15 14:55:24 2013,        119
Tue Jan 15 14:55:46 2013,        119
Tue Jan 15 14:56:08 2013,        119
Tue Jan 15 14:56:29 2013,        121
Tue Jan 15 14:56:51 2013,        121
Tue Jan 15 14:57:13 2013,        121
Tue Jan 15 14:57:35 2013,        121
Tue Jan 15 14:57:57 2013,        121
Tue Jan 15 14:58:19 2013,        114
Tue Jan 15 14:58:41 2013,        114
Tue Jan 15 14:59:04 2013,        114
Tue Jan 15 14:59:26 2013,        114
Tue Jan 15 14:59:47 2013,        114
Tue Jan 15 15:00:09 2013,        114
Tue Jan 15 15:00:31 2013,        116
Tue Jan 15 15:00:52 2013,        116
Tue Jan 15 15:01:14 2013,        116
Tue Jan 15 15:01:36 2013,        116
Tue Jan 15 15:01:58 2013,        116
Tue Jan 15 15:02:20 2013,        118
Tue Jan 15 15:02:42 2013,        118
Tue Jan 15 15:03:03 2013,         52
Tue Jan 15 15:03:25 2013,        118
Tue Jan 15 15:03:47 2013,        118
Tue Jan 15 15:04:08 2013,        118
Tue Jan 15 15:04:30 2013,        111
Tue Jan 15 15:04:52 2013,        111
Tue Jan 15 15:05:14 2013,        111
Tue Jan 15 15:05:35 2013,        111
Tue Jan 15 15:05:57 2013,        111
Tue Jan 15 15:06:19 2013,        112
Tue Jan 15 15:06:41 2013,        112
Tue Jan 15 15:07:03 2013,        112
Tue Jan 15 15:07:25 2013,        112
Tue Jan 15 15:07:47 2013,        112
Tue Jan 15 15:08:09 2013,        112
Tue Jan 15 15:08:31 2013,        114
Tue Jan 15 15:08:53 2013,        114
Tue Jan 15 15:09:15 2013,        114
Tue Jan 15 15:09:36 2013,        114
Tue Jan 15 15:09:58 2013,        114
Tue Jan 15 15:10:20 2013,        116
Tue Jan 15 15:10:42 2013,        116
Tue Jan 15 15:11:03 2013,        116
Tue Jan 15 15:11:25 2013,        116
Tue Jan 15 15:11:47 2013,        116
Tue Jan 15 15:12:09 2013,        118
Tue Jan 15 15:12:30 2013,        118
Tue Jan 15 15:12:53 2013,        118
Tue Jan 15 15:13:15 2013,        118
Tue Jan 15 15:13:38 2013,        118
Tue Jan 15 15:13:59 2013,        118
Tue Jan 15 15:14:21 2013,        120
Tue Jan 15 15:14:43 2013,        120
Tue Jan 15 15:15:05 2013,        120
Tue Jan 15 15:15:26 2013,        120
Tue Jan 15 15:15:49 2013,        120
Tue Jan 15 15:16:10 2013,        120
Tue Jan 15 15:16:32 2013,        122
Tue Jan 15 15:16:53 2013,        122
Tue Jan 15 15:17:15 2013,        122
Tue Jan 15 15:17:38 2013,        122
Tue Jan 15 15:18:00 2013,        122
Tue Jan 15 15:18:22 2013,        124
Tue Jan 15 15:18:44 2013,        124
Tue Jan 15 15:19:06 2013,        124
Tue Jan 15 15:19:27 2013,        124
Tue Jan 15 15:19:49 2013,        124
Tue Jan 15 15:20:11 2013,        124
Tue Jan 15 15:20:33 2013,        126
Tue Jan 15 15:20:54 2013,        126
Tue Jan 15 15:21:16 2013,        126
Tue Jan 15 15:21:38 2013,        126
Tue Jan 15 15:22:00 2013,        126
Tue Jan 15 15:22:22 2013,        128
Tue Jan 15 15:22:44 2013,        128
Tue Jan 15 15:23:06 2013,        128
Tue Jan 15 15:23:28 2013,        128
Tue Jan 15 15:23:50 2013,        128
Tue Jan 15 15:24:12 2013,        128
Tue Jan 15 15:24:33 2013,        130
Tue Jan 15 15:24:55 2013,        130
Tue Jan 15 15:25:17 2013,        130
Tue Jan 15 15:25:38 2013,        130
Tue Jan 15 15:26:00 2013,        130
Tue Jan 15 15:26:22 2013,        132
Tue Jan 15 15:26:43 2013,        132
Tue Jan 15 15:27:06 2013,        132
Tue Jan 15 15:27:27 2013,        132
Tue Jan 15 15:27:50 2013,        132
Tue Jan 15 15:28:12 2013,        134
Tue Jan 15 15:28:33 2013,        134
Tue Jan 15 15:28:55 2013,        134
Tue Jan 15 15:29:17 2013,        134
Tue Jan 15 15:29:39 2013,        134
Tue Jan 15 15:30:00 2013,        134
Tue Jan 15 15:30:22 2013,        135
Tue Jan 15 15:30:44 2013,        135
Tue Jan 15 15:31:06 2013,        135
Tue Jan 15 15:31:27 2013,        135
Tue Jan 15 15:31:50 2013,        135
Tue Jan 15 15:32:12 2013,        137
Tue Jan 15 15:32:34 2013,        137
Tue Jan 15 15:32:56 2013,        137
Tue Jan 15 15:33:18 2013,        137
Tue Jan 15 15:33:39 2013,        137
Tue Jan 15 15:34:01 2013,        137
Tue Jan 15 15:34:23 2013,        139
Tue Jan 15 15:34:45 2013,        139
Tue Jan 15 15:35:07 2013,        139
Tue Jan 15 15:35:29 2013,        139
Tue Jan 15 15:35:50 2013,        139
Tue Jan 15 15:36:13 2013,        139
Tue Jan 15 15:36:35 2013,        139
Tue Jan 15 15:36:56 2013,        139
Tue Jan 15 15:37:18 2013,        139
Tue Jan 15 15:37:40 2013,        139
Tue Jan 15 15:38:02 2013,        139
Tue Jan 15 15:38:24 2013,        141
Tue Jan 15 15:38:46 2013,        141
Tue Jan 15 15:39:08 2013,        141
Tue Jan 15 15:39:29 2013,        141
Tue Jan 15 15:39:51 2013,        141
Tue Jan 15 15:40:14 2013,        142
Tue Jan 15 15:40:35 2013,        142
Tue Jan 15 15:40:58 2013,        142
Tue Jan 15 15:41:19 2013,        142
Tue Jan 15 15:41:41 2013,        142
Tue Jan 15 15:42:03 2013,        142
Tue Jan 15 15:42:25 2013,        144
Tue Jan 15 15:42:47 2013,        144
Tue Jan 15 15:43:08 2013,        144
Tue Jan 15 15:43:30 2013,        144
Tue Jan 15 15:43:52 2013,        144
Tue Jan 15 15:44:14 2013,        146
Tue Jan 15 15:44:36 2013,        146
Tue Jan 15 15:44:58 2013,        146
Tue Jan 15 15:45:19 2013,        146
Tue Jan 15 15:45:41 2013,        146
Tue Jan 15 15:46:03 2013,        146
Tue Jan 15 15:46:25 2013,        148
Tue Jan 15 15:46:46 2013,        148
Tue Jan 15 15:47:09 2013,        148
Tue Jan 15 15:47:31 2013,        148
Tue Jan 15 15:47:53 2013,        148
Tue Jan 15 15:48:15 2013,        150
Tue Jan 15 15:48:37 2013,        150
Tue Jan 15 15:48:59 2013,        150
Tue Jan 15 15:49:21 2013,        150
Tue Jan 15 15:49:43 2013,        150
Tue Jan 15 15:50:04 2013,        150
Tue Jan 15 15:50:26 2013,        152
Tue Jan 15 15:50:48 2013,        152
Tue Jan 15 15:51:10 2013,        152
Tue Jan 15 15:51:32 2013,        152
Tue Jan 15 15:51:54 2013,        152
Tue Jan 15 15:52:16 2013,        137
Tue Jan 15 15:52:38 2013,        137
Tue Jan 15 15:53:00 2013,        137
Tue Jan 15 15:53:21 2013,        137
Tue Jan 15 15:53:43 2013,        137
Tue Jan 15 15:54:05 2013,        137
Tue Jan 15 15:54:27 2013,        138
Tue Jan 15 15:54:49 2013,        138
Tue Jan 15 15:55:14 2013,        138
Tue Jan 15 15:55:36 2013,        138
Tue Jan 15 15:55:58 2013,        138
Tue Jan 15 15:56:20 2013,        140
Tue Jan 15 15:56:41 2013,        140
Tue Jan 15 15:57:03 2013,        140
Tue Jan 15 15:57:25 2013,        140
Tue Jan 15 15:57:47 2013,        140
Tue Jan 15 15:58:09 2013,        140
Tue Jan 15 15:58:31 2013,        138
Tue Jan 15 15:58:53 2013,        138
Tue Jan 15 15:59:14 2013,        138
Tue Jan 15 15:59:36 2013,        138
Tue Jan 15 15:59:58 2013,        138
Tue Jan 15 16:00:20 2013,        132
Tue Jan 15 16:00:42 2013,        132
Tue Jan 15 16:01:03 2013,        132
Tue Jan 15 16:01:25 2013,        132
Tue Jan 15 16:01:46 2013,        132
Tue Jan 15 16:02:08 2013,        132
Tue Jan 15 16:02:30 2013,        132
Tue Jan 15 16:02:52 2013,        132
Tue Jan 15 16:03:13 2013,        132
Tue Jan 15 16:03:35 2013,        132
Tue Jan 15 16:03:57 2013,        132
Tue Jan 15 16:04:19 2013,        127
Tue Jan 15 16:04:40 2013,        127
Tue Jan 15 16:05:03 2013,        127
Tue Jan 15 16:05:25 2013,        127
Tue Jan 15 16:05:47 2013,        127
Tue Jan 15 16:06:09 2013,        127
Tue Jan 15 16:06:30 2013,        128
Tue Jan 15 16:06:52 2013,        128
Tue Jan 15 16:07:14 2013,        128
Tue Jan 15 16:07:36 2013,        128
Tue Jan 15 16:07:58 2013,        128
Tue Jan 15 16:08:20 2013,        129
Tue Jan 15 16:08:42 2013,        129
Tue Jan 15 16:09:03 2013,        129
Tue Jan 15 16:09:26 2013,        129
Tue Jan 15 16:09:47 2013,        129
Tue Jan 15 16:10:09 2013,        129
Tue Jan 15 16:10:31 2013,        132
Tue Jan 15 16:10:53 2013,        132
Tue Jan 15 16:11:14 2013,        132
Tue Jan 15 16:11:36 2013,        132
Tue Jan 15 16:11:57 2013,        132
Tue Jan 15 16:12:19 2013,        133
Tue Jan 15 16:12:41 2013,        133
Tue Jan 15 16:13:03 2013,        133
Tue Jan 15 16:13:24 2013,        133
Tue Jan 15 16:13:46 2013,        133
Tue Jan 15 16:14:08 2013,        133
Tue Jan 15 16:14:29 2013,        133
Tue Jan 15 16:14:51 2013,        133
Tue Jan 15 16:15:13 2013,        133
Tue Jan 15 16:15:35 2013,        133
Tue Jan 15 16:15:56 2013,        133
Tue Jan 15 16:16:19 2013,        135
Tue Jan 15 16:16:40 2013,        135
Tue Jan 15 16:17:02 2013,        135
Tue Jan 15 16:17:23 2013,        135
Tue Jan 15 16:17:46 2013,        135
Tue Jan 15 16:18:08 2013,        135
Tue Jan 15 16:18:29 2013,        135
Tue Jan 15 16:18:51 2013,        135
Tue Jan 15 16:19:12 2013,        135
Tue Jan 15 16:19:35 2013,        135
Tue Jan 15 16:19:56 2013,        135
Tue Jan 15 16:20:19 2013,        124
Tue Jan 15 16:20:41 2013,        124
Tue Jan 15 16:21:03 2013,        124
Tue Jan 15 16:21:25 2013,        124
Tue Jan 15 16:21:47 2013,        124
Tue Jan 15 16:22:09 2013,        124
Tue Jan 15 16:22:31 2013,        111
Tue Jan 15 16:22:52 2013,        111
Tue Jan 15 16:23:14 2013,        111
Tue Jan 15 16:23:36 2013,        111
Tue Jan 15 16:23:58 2013,        111
Tue Jan 15 16:24:20 2013,        110
Tue Jan 15 16:24:41 2013,        110
Tue Jan 15 16:25:04 2013,        110
Tue Jan 15 16:25:25 2013,        110
Tue Jan 15 16:25:47 2013,        110
Tue Jan 15 16:26:09 2013,        110
Tue Jan 15 16:26:30 2013,        105
Tue Jan 15 16:26:52 2013,        105
Tue Jan 15 16:27:14 2013,        105
Tue Jan 15 16:27:36 2013,        105
Tue Jan 15 16:27:57 2013,        105
Tue Jan 15 16:28:20 2013,         94
Tue Jan 15 16:28:42 2013,         94
Tue Jan 15 16:29:03 2013,         94
Tue Jan 15 16:29:25 2013,         94
Tue Jan 15 16:29:47 2013,         94
Tue Jan 15 16:30:08 2013,         94
Tue Jan 15 16:30:30 2013,         93
Tue Jan 15 16:30:51 2013,         93
Tue Jan 15 16:31:12 2013,         93
Tue Jan 15 16:31:34 2013,         93
Tue Jan 15 16:31:56 2013,         93
Tue Jan 15 16:32:18 2013,         89
Tue Jan 15 16:32:40 2013,         89
Tue Jan 15 16:33:01 2013,         89
Tue Jan 15 16:33:23 2013,         89
Tue Jan 15 16:33:44 2013,         89
Tue Jan 15 16:34:06 2013,         89
Tue Jan 15 16:34:27 2013,         89
Tue Jan 15 16:34:49 2013,         89
Tue Jan 15 16:35:11 2013,         89
Tue Jan 15 16:35:32 2013,         89
Tue Jan 15 16:35:54 2013,         89
Tue Jan 15 16:36:16 2013,         78
Tue Jan 15 16:36:37 2013,         78
Tue Jan 15 16:36:59 2013,         78
Tue Jan 15 16:37:21 2013,         78
Tue Jan 15 16:37:42 2013,         78
Tue Jan 15 16:38:04 2013,         78
Tue Jan 15 16:38:26 2013,         79
Tue Jan 15 16:38:48 2013,         79
Tue Jan 15 16:39:09 2013,         79
Tue Jan 15 16:39:30 2013,         79
Tue Jan 15 16:39:52 2013,         79
Tue Jan 15 16:40:14 2013,         74
Tue Jan 15 16:40:36 2013,         74
Tue Jan 15 16:40:57 2013,         74
Tue Jan 15 16:41:19 2013,         74
Tue Jan 15 16:41:40 2013,         74
Tue Jan 15 16:42:03 2013,         74
Tue Jan 15 16:42:24 2013,         77
Tue Jan 15 16:42:45 2013,         77
Tue Jan 15 16:43:07 2013,         77
Tue Jan 15 16:43:28 2013,         77
Tue Jan 15 16:43:49 2013,         77
Tue Jan 15 16:44:12 2013,         77
Tue Jan 15 16:44:33 2013,         76
Tue Jan 15 16:44:55 2013,         76
Tue Jan 15 16:45:16 2013,         76
Tue Jan 15 16:45:37 2013,         76
Tue Jan 15 16:45:59 2013,         76
Tue Jan 15 16:46:21 2013,         79
Tue Jan 15 16:46:42 2013,         79
Tue Jan 15 16:47:04 2013,         79
Tue Jan 15 16:47:26 2013,         79
Tue Jan 15 16:47:47 2013,         79
Tue Jan 15 16:48:08 2013,         79
Tue Jan 15 16:48:30 2013,         79
Tue Jan 15 16:48:51 2013,         79
Tue Jan 15 16:49:13 2013,         79
Tue Jan 15 16:49:35 2013,         79
Tue Jan 15 16:49:56 2013,         79
Tue Jan 15 16:50:18 2013,         81
Tue Jan 15 16:50:40 2013,         81
Tue Jan 15 16:51:01 2013,         81
Tue Jan 15 16:51:22 2013,         81
Tue Jan 15 16:51:44 2013,         81
Tue Jan 15 16:52:05 2013,         81
Tue Jan 15 16:52:26 2013,         83
Tue Jan 15 16:52:48 2013,         83
Tue Jan 15 16:53:10 2013,         83
Tue Jan 15 16:53:32 2013,         83
Tue Jan 15 16:53:53 2013,         83
Tue Jan 15 16:54:14 2013,         85
Tue Jan 15 16:54:36 2013,         85
Tue Jan 15 16:54:57 2013,         85
Tue Jan 15 16:55:19 2013,         85
Tue Jan 15 16:55:40 2013,         85
Tue Jan 15 16:56:01 2013,         85
Tue Jan 15 16:56:23 2013,         83
Tue Jan 15 16:56:44 2013,         83
Tue Jan 15 16:57:05 2013,        -10
Tue Jan 15 16:57:27 2013,         83
Tue Jan 15 16:57:48 2013,         83
Tue Jan 15 16:58:10 2013,         83
Tue Jan 15 16:58:31 2013,         76
Tue Jan 15 16:58:53 2013,         76
Tue Jan 15 16:59:15 2013,         76
Tue Jan 15 16:59:36 2013,         76
Tue Jan 15 16:59:58 2013,        -10
Tue Jan 15 17:00:10 2013,        -10
Tue Jan 15 18:00:10 2013,        -10
Tue Jan 15 19:00:10 2013,        -10
Tue Jan 15 20:00:10 2013,        -10
Tue Jan 15 21:00:10 2013,        -10
Tue Jan 15 22:00:11 2013,        -10
